{"cameraMode":{"drawMode":0,"name":"Shaded","section":"Shading Mode"},"sceneLighting":false,"audioPlay":false,"sceneViewState":{"m_AlwaysRefresh":false,"showFog":true,"showSkybox":false,"showFlares":true,"showImageEffects":true,"showParticleSystems":true,"showVisualEffectGraphs":true,"m_FxEnabled":true},"in2DMode":false,"pivot":{"x":-1.3576552867889405,"y":-2.2987728118896486,"z":-14.705860137939454},"rotation":{"x":0.005898111499845982,"y":-0.9888681173324585,"z":0.14218799769878388,"w":0.0419461764395237},"size":11.342476844787598,"orthographic":false}