{"cameraMode":{"drawMode":0,"name":"Shaded","section":"Shading Mode"},"sceneLighting":false,"audioPlay":false,"sceneViewState":{"m_AlwaysRefresh":false,"showFog":true,"showSkybox":false,"showFlares":true,"showImageEffects":true,"showParticleSystems":true,"showVisualEffectGraphs":true,"m_FxEnabled":true},"in2DMode":false,"pivot":{"x":-0.20116901397705079,"y":0.9154620170593262,"z":-0.4167724549770355},"rotation":{"x":0.15610113739967347,"y":0.7056488394737244,"z":-0.16384565830230714,"w":0.6713239550590515},"size":0.8660253882408142,"orthographic":false}