{"cameraMode":{"drawMode":0,"name":"Shaded","section":"Shading Mode"},"sceneLighting":false,"audioPlay":false,"sceneViewState":{"m_AlwaysRefresh":false,"showFog":true,"showSkybox":false,"showFlares":true,"showImageEffects":true,"showParticleSystems":true,"showVisualEffectGraphs":true,"m_FxEnabled":true},"in2DMode":false,"pivot":{"x":14.645478248596192,"y":2.007382392883301,"z":-13.410310745239258},"rotation":{"x":-0.294289231300354,"y":-0.023794863373041154,"z":0.007334693800657988,"w":-0.9553791284561157},"size":1.2364939451217652,"orthographic":false}