{"cameraMode":{"drawMode":0,"name":"Shaded","section":"Shading Mode"},"sceneLighting":true,"audioPlay":false,"sceneViewState":{"m_AlwaysRefresh":false,"showFog":true,"showSkybox":true,"showFlares":true,"showImageEffects":true,"showParticleSystems":true,"showVisualEffectGraphs":true,"m_FxEnabled":true},"in2DMode":false,"pivot":{"x":17.96849250793457,"y":-0.18216896057128907,"z":-30.1419734954834},"rotation":{"x":-0.02462588995695114,"y":-0.9177239537239075,"z":0.3921339213848114,"w":-0.057628750801086429},"size":14.597930908203125,"orthographic":false}