{"cameraMode":{"drawMode":0,"name":"Shaded","section":"Shading Mode"},"sceneLighting":false,"audioPlay":false,"sceneViewState":{"m_AlwaysRefresh":false,"showFog":true,"showSkybox":false,"showFlares":true,"showImageEffects":true,"showParticleSystems":true,"showVisualEffectGraphs":true,"m_FxEnabled":true},"in2DMode":false,"pivot":{"x":0.29104065895080569,"y":1.1644361019134522,"z":-0.5612616539001465},"rotation":{"x":-0.021873658522963525,"y":0.9725058674812317,"z":-0.20611518621444703,"w":-0.10528378188610077},"size":1.8073949813842774,"orthographic":false}