{"cameraMode":{"drawMode":0,"name":"Shaded","section":"Shading Mode"},"sceneLighting":false,"audioPlay":false,"sceneViewState":{"m_AlwaysRefresh":false,"showFog":true,"showSkybox":false,"showFlares":true,"showImageEffects":true,"showParticleSystems":true,"showVisualEffectGraphs":true,"m_FxEnabled":true},"in2DMode":false,"pivot":{"x":0.8552404642105103,"y":0.6211875677108765,"z":-0.7603673934936523},"rotation":{"x":0.03779907152056694,"y":0.9532229900360107,"z":-0.26868945360183718,"w":0.13251277804374696},"size":1.8073949813842774,"orthographic":false}