{"cameraMode":{"drawMode":0,"name":"Shaded","section":"Shading Mode"},"sceneLighting":false,"audioPlay":false,"sceneViewState":{"m_AlwaysRefresh":false,"showFog":true,"showSkybox":false,"showFlares":true,"showImageEffects":true,"showParticleSystems":true,"showVisualEffectGraphs":true,"m_FxEnabled":true},"in2DMode":false,"pivot":{"x":0.5362265706062317,"y":2.051150321960449,"z":0.5573432445526123},"rotation":{"x":0.03510793671011925,"y":-0.9464661478996277,"z":0.3008996546268463,"w":0.11069032549858093},"size":0.9160589575767517,"orthographic":false}