{"cameraMode":{"drawMode":0,"name":"Shaded","section":"Shading Mode"},"sceneLighting":false,"audioPlay":false,"sceneViewState":{"m_AlwaysRefresh":false,"showFog":true,"showSkybox":false,"showFlares":true,"showImageEffects":true,"showParticleSystems":true,"showVisualEffectGraphs":true,"m_FxEnabled":true},"in2DMode":false,"pivot":{"x":-0.1435316801071167,"y":2.3381845951080324,"z":0.6741173267364502},"rotation":{"x":-0.02410767413675785,"y":-0.9662252068519592,"z":0.2367546558380127,"w":-0.09800270944833756},"size":0.9160589575767517,"orthographic":false}