{"cameraMode":{"drawMode":0,"name":"Shaded","section":"Shading Mode"},"sceneLighting":false,"audioPlay":false,"sceneViewState":{"m_AlwaysRefresh":false,"showFog":true,"showSkybox":false,"showFlares":true,"showImageEffects":true,"showParticleSystems":true,"showVisualEffectGraphs":true,"m_FxEnabled":true},"in2DMode":false,"pivot":{"x":-1.5171526670455933,"y":1.9438568353652955,"z":-11.494097709655762},"rotation":{"x":-0.29287615418434145,"y":-0.020938226953148843,"z":0.0064204176887869839,"w":-0.9558859467506409},"size":1.279858946800232,"orthographic":false}